class_id,class_name,metric,clean,40dB,30dB,20dB,10dB,0dB
1,"Pure sinusoidal",accuracy,0.9931,0.9995,0.9823,0.9669,0.9554,0.9501
2,"Sag",accuracy,0.9931,0.9961,0.9966,0.9887,0.9729,0.9591
3,"Swell",accuracy,0.9947,0.9986,0.9986,0.9855,0.9664,0.9533
4,"Interruption",accuracy,0.9972,0.9979,0.9977,0.9970,0.9949,0.9869
5,"Impulsive transient",accuracy,0.9922,0.9998,0.9828,0.9651,0.9547,0.9517
6,"Oscillatory transient",accuracy,0.9991,0.9993,0.9995,0.9929,0.9851,0.9591
7,"Harmonics",accuracy,0.9931,1.0000,1.0000,1.0000,0.9956,0.9715
8,"Harmonics + Sag",accuracy,0.9972,0.9989,0.9977,0.9931,0.9816,0.9600
9,"Harmonics + Swell",accuracy,0.9970,0.9995,0.9989,0.9956,0.9784,0.9556
10,"Flicker",accuracy,0.9929,0.9993,0.9972,0.9915,0.9811,0.9460
11,"Flicker + Sag",accuracy,0.9811,0.9956,0.9972,0.9966,0.9777,0.9455
12,"Flicker + Swell",accuracy,0.9791,0.9966,0.9995,0.9931,0.9759,0.9338
13,"Sag + Osc. transient",accuracy,0.9954,0.9972,0.9975,0.9917,0.9811,0.9618
14,"Swell + Osc. transient",accuracy,0.9989,0.9995,0.9993,0.9897,0.9720,0.9513
15,"Sag + Harmonics",accuracy,0.9786,0.9795,0.9805,0.9731,0.9566,0.9294
16,"Swell + Harmonics",accuracy,0.9814,0.9818,0.9789,0.9660,0.9621,0.9432
17,"Notch",accuracy,0.9922,1.0000,0.9908,0.9752,0.9692,0.9338
18,"Harm + Sag + Flicker",accuracy,0.9952,0.9972,0.9972,0.9943,0.9761,0.9513
19,"Harm + Swell + Flicker",accuracy,0.9954,0.9970,0.9977,0.9917,0.9749,0.9508
20,"Sag + Harm + Flicker",accuracy,0.9786,0.9802,0.9807,0.9736,0.9628,0.9513
21,"Swell + Harm + Flicker",accuracy,0.9814,0.9818,0.9782,0.9653,0.9584,0.9451
22,"Sag + Harm + OT",accuracy,0.9789,0.9800,0.9809,0.9752,0.9356,0.9621
23,"Swell + Harm + OT",accuracy,0.9830,0.9830,0.9793,0.9648,0.9464,0.8225
24,"Harm + Sag + OT",accuracy,0.9945,0.9945,0.9947,0.9913,0.9644,0.9607
25,"Harm + Swell + OT",accuracy,0.9975,0.9991,0.9989,0.9970,0.9680,0.9556
26,"Harm + Sag + Flicker + OT",accuracy,0.9940,0.9943,0.9943,0.9917,0.9671,0.9563
27,"Harm + Swell + Flicker + OT",accuracy,0.9959,0.9979,0.9975,0.9917,0.9657,0.9234
28,"Sag + Harm + Flicker + OT",accuracy,0.9777,0.9789,0.9798,0.9715,0.9366,0.9501
29,"Swell + Harm + Flicker + OT",accuracy,0.9830,0.9832,0.9800,0.9628,0.9485,0.9407
1,"Pure sinusoidal",precision,0.8000,1.0000,0.6615,0.4169,0.2708,0.2064
2,"Sag",precision,0.9489,0.9570,0.9677,0.8679,0.5632,0.3787
3,"Swell",precision,0.9487,0.9800,0.9752,0.8332,0.4157,0.0741
4,"Interruption",precision,0.9490,0.9497,0.9437,0.9425,0.8953,0.8820
5,"Impulsive transient",precision,0.7935,0.9935,0.7469,0.3780,0.1883,0.0816
6,"Oscillatory transient",precision,0.9804,0.9806,0.9871,0.9742,0.7017,0.3565
7,"Harmonics",precision,0.8000,1.0000,1.0000,1.0000,0.9793,0.4959
8,"Harmonics + Sag",precision,0.9933,0.9933,0.9600,0.8833,0.7907,0.2954
9,"Harmonics + Swell",precision,0.9385,0.9871,0.9744,0.9543,0.5752,0.1952
10,"Flicker",precision,0.7935,0.9935,0.9871,0.7572,0.5895,0.1969
11,"Flicker + Sag",precision,0.8556,0.9250,0.9500,0.9626,0.7124,0.1653
12,"Flicker + Swell",precision,0.8128,0.9789,0.9935,0.9110,0.5489,0.1127
13,"Sag + Osc. transient",precision,0.9011,0.9316,0.9433,0.8802,0.7808,0.2933
14,"Swell + Osc. transient",precision,0.9867,0.9935,0.9935,0.8561,0.5247,0.1442
15,"Sag + Harmonics",precision,0.7575,0.7462,0.7723,0.6513,0.3601,0.1248
16,"Swell + Harmonics",precision,0.7895,0.7638,0.7265,0.5330,0.3500,0.1291
17,"Notch",precision,0.8931,1.0000,0.8857,0.7768,0.5512,0.2146
18,"Harm + Sag + Flicker",precision,0.9295,0.9573,0.9867,0.9460,0.5368,0.2762
19,"Harm + Swell + Flicker",precision,0.9192,0.9473,0.9488,0.8369,0.5210,0.1350
20,"Sag + Harm + Flicker",precision,0.6814,0.6988,0.7156,0.6154,0.4997,0.2067
21,"Swell + Harm + Flicker",precision,0.6944,0.7269,0.6773,0.4650,0.3186,0.1457
22,"Sag + Harm + OT",precision,0.6940,0.7062,0.7350,0.6398,0.3862,0.3433
23,"Swell + Harm + OT",precision,0.7788,0.7590,0.7205,0.5577,0.3501,0.1146
24,"Harm + Sag + OT",precision,0.9160,0.9148,0.9167,0.8789,0.6642,0.4488
25,"Harm + Swell + OT",precision,0.9778,0.9931,0.9810,0.9474,0.6524,0.1307
26,"Harm + Sag + Flicker + OT",precision,0.9287,0.9291,0.9380,0.9120,0.6423,0.2239
27,"Harm + Swell + Flicker + OT",precision,0.9399,0.9804,0.9737,0.9188,0.5741,0.2455
28,"Sag + Harm + Flicker + OT",precision,0.7137,0.7283,0.7402,0.6051,0.3461,0.2427
29,"Swell + Harm + Flicker + OT",precision,0.7541,0.8025,0.7588,0.4861,0.2736,0.1370
1,"Pure sinusoidal",recall,0.8000,0.9867,0.6200,0.4800,0.3267,0.1267
2,"Sag",recall,0.8333,0.9333,0.9333,0.7800,0.3933,0.1467
3,"Swell",recall,0.8867,0.9800,0.9867,0.7067,0.4933,0.0400
4,"Interruption",recall,0.9733,0.9933,0.9933,0.9733,0.9667,0.7533
5,"Impulsive transient",recall,0.8000,1.0000,0.7467,0.3267,0.1867,0.1400
6,"Oscillatory transient",recall,0.9933,1.0000,1.0000,0.8200,0.6600,0.2733
7,"Harmonics",recall,0.8000,1.0000,1.0000,1.0000,0.8933,0.6200
8,"Harmonics + Sag",recall,0.9267,0.9733,0.9800,0.9200,0.5933,0.1867
9,"Harmonics + Swell",recall,0.9933,1.0000,0.9933,0.9267,0.6400,0.1200
10,"Flicker",recall,0.8000,0.9867,0.9333,0.8000,0.7067,0.2667
11,"Flicker + Sag",recall,0.9733,0.9933,0.9867,0.9333,0.6133,0.2133
12,"Flicker + Swell",recall,0.8867,0.9133,0.9933,0.8800,0.5733,0.1667
13,"Sag + Osc. transient",recall,0.9800,0.9933,0.9867,0.8800,0.6067,0.1200
14,"Swell + Osc. transient",recall,0.9800,0.9933,0.9867,0.8333,0.4933,0.1000
15,"Sag + Harmonics",recall,0.5800,0.6267,0.6467,0.5067,0.4200,0.2667
16,"Swell + Harmonics",recall,0.6267,0.7200,0.7000,0.5733,0.3333,0.1533
17,"Notch",recall,0.9800,1.0000,1.0000,0.9400,0.5933,0.3667
18,"Harm + Sag + Flicker",recall,0.9400,0.9667,0.9333,0.8800,0.6533,0.4267
19,"Harm + Swell + Flicker",recall,0.9467,0.9667,0.9867,0.9467,0.6333,0.1933
20,"Sag + Harm + Flicker",recall,0.7667,0.7667,0.7600,0.7000,0.3933,0.2133
21,"Swell + Harm + Flicker",recall,0.8200,0.7733,0.7000,0.5200,0.3800,0.1600
22,"Sag + Harm + OT",recall,0.6600,0.7133,0.7267,0.6333,0.4000,0.1933
23,"Swell + Harm + OT",recall,0.7200,0.7667,0.7067,0.5600,0.3067,0.3267
24,"Harm + Sag + OT",recall,0.9333,0.9400,0.9400,0.8800,0.7667,0.2800
25,"Harm + Swell + OT",recall,0.9467,0.9800,0.9867,0.9800,0.5667,0.1000
26,"Harm + Sag + Flicker + OT",recall,0.8933,0.9000,0.8933,0.8467,0.6000,0.1533
27,"Harm + Swell + Flicker + OT",recall,0.9400,0.9600,0.9533,0.8400,0.5533,0.3667
28,"Sag + Harm + Flicker + OT",recall,0.6667,0.6467,0.6733,0.6067,0.4067,0.1600
29,"Swell + Harm + Flicker + OT",recall,0.7667,0.7200,0.6867,0.5467,0.2933,0.0667
1,"Pure sinusoidal",f1,0.8000,0.9931,0.6371,0.4443,0.2731,0.1241
2,"Sag",f1,0.8788,0.9441,0.9492,0.8168,0.4555,0.1686
3,"Swell",f1,0.9028,0.9796,0.9804,0.7479,0.4489,0.0447
4,"Interruption",f1,0.9599,0.9708,0.9676,0.9575,0.9292,0.7484
5,"Impulsive transient",f1,0.7967,0.9967,0.7392,0.3401,0.1601,0.1018
6,"Oscillatory transient",f1,0.9868,0.9902,0.9934,0.8435,0.6801,0.2829
7,"Harmonics",f1,0.8000,1.0000,1.0000,1.0000,0.9318,0.5397
8,"Harmonics + Sag",f1,0.9558,0.9832,0.9684,0.9011,0.6496,0.2102
9,"Harmonics + Swell",f1,0.9624,0.9934,0.9836,0.9380,0.5990,0.1418
10,"Flicker",f1,0.7967,0.9898,0.9534,0.7777,0.6423,0.2129
11,"Flicker + Sag",f1,0.8730,0.9505,0.9646,0.9471,0.6235,0.1756
12,"Flicker + Swell",f1,0.8361,0.9388,0.9933,0.8908,0.5509,0.1314
13,"Sag + Osc. transient",f1,0.9381,0.9614,0.9642,0.8800,0.6808,0.1629
14,"Swell + Osc. transient",f1,0.9832,0.9933,0.9898,0.8443,0.5042,0.1090
15,"Sag + Harmonics",f1,0.6229,0.6718,0.6854,0.5495,0.3594,0.1599
16,"Swell + Harmonics",f1,0.6972,0.7329,0.6949,0.5399,0.3324,0.1241
17,"Notch",f1,0.9227,1.0000,0.9200,0.8120,0.5650,0.2631
18,"Harm + Sag + Flicker",f1,0.9337,0.9611,0.9569,0.9106,0.5852,0.3306
19,"Harm + Swell + Flicker",f1,0.9323,0.9560,0.9672,0.8856,0.5660,0.1563
20,"Sag + Harm + Flicker",f1,0.7154,0.7278,0.7302,0.6464,0.4057,0.2034
21,"Swell + Harm + Flicker",f1,0.7505,0.7385,0.6568,0.4870,0.3394,0.1396
22,"Sag + Harm + OT",f1,0.6548,0.7026,0.7177,0.6249,0.3691,0.2362
23,"Swell + Harm + OT",f1,0.7426,0.7542,0.6976,0.5282,0.2899,0.1336
24,"Harm + Sag + OT",f1,0.9234,0.9246,0.9262,0.8763,0.6843,0.3067
25,"Harm + Swell + OT",f1,0.9616,0.9864,0.9835,0.9603,0.5836,0.1108
26,"Harm + Sag + Flicker + OT",f1,0.9099,0.9121,0.9116,0.8686,0.6025,0.1651
27,"Harm + Swell + Flicker + OT",f1,0.9393,0.9696,0.9628,0.8767,0.5432,0.2459
28,"Sag + Harm + Flicker + OT",f1,0.6785,0.6808,0.6940,0.5896,0.3456,0.1853
29,"Swell + Harm + Flicker + OT",f1,0.7555,0.7435,0.6917,0.5112,0.2786,0.0847
1,"Pure sinusoidal",kappa,0.8000,0.9929,0.6315,0.4309,0.2558,0.1049
2,"Sag",kappa,0.8755,0.9421,0.9474,0.8112,0.4455,0.1544
3,"Swell",kappa,0.9003,0.9789,0.9797,0.7411,0.4353,0.0296
4,"Interruption",kappa,0.9585,0.9697,0.9664,0.9559,0.9266,0.7435
5,"Impulsive transient",kappa,0.7953,0.9966,0.7305,0.3266,0.1439,0.0870
6,"Oscillatory transient",kappa,0.9863,0.9898,0.9932,0.8411,0.6759,0.2663
7,"Harmonics",kappa,0.8000,1.0000,1.0000,1.0000,0.9296,0.5290
8,"Harmonics + Sag",kappa,0.9544,0.9826,0.9672,0.8975,0.6420,0.1955
9,"Harmonics + Swell",kappa,0.9609,0.9932,0.9830,0.9357,0.5915,0.1241
10,"Flicker",kappa,0.7966,0.9895,0.9521,0.7768,0.6362,0.1903
11,"Flicker + Sag",kappa,0.8661,0.9483,0.9632,0.9453,0.6133,0.1525
12,"Flicker + Swell",kappa,0.8275,0.9371,0.9931,0.8873,0.5421,0.1026
13,"Sag + Osc. transient",kappa,0.9357,0.9600,0.9629,0.8757,0.6714,0.1498
14,"Swell + Osc. transient",kappa,0.9826,0.9931,0.9895,0.8390,0.4916,0.0894
15,"Sag + Harmonics",kappa,0.6133,0.6615,0.6758,0.5365,0.3398,0.1321
16,"Swell + Harmonics",kappa,0.6878,0.7236,0.6843,0.5227,0.3167,0.1006
17,"Notch",kappa,0.9190,1.0000,0.9159,0.8025,0.5492,0.2312
18,"Harm + Sag + Flicker",kappa,0.9312,0.9597,0.9555,0.9077,0.5759,0.3102
19,"Harm + Swell + Flicker",kappa,0.9299,0.9544,0.9660,0.8813,0.5568,0.1375
20,"Sag + Harm + Flicker",kappa,0.7045,0.7176,0.7203,0.6329,0.3881,0.1823
21,"Swell + Harm + Flicker",kappa,0.7409,0.7292,0.6465,0.4693,0.3218,0.1169
22,"Sag + Harm + OT",kappa,0.6447,0.6924,0.7080,0.6124,0.3435,0.2207
23,"Swell + Harm + OT",kappa,0.7338,0.7455,0.6871,0.5114,0.2667,0.0934
24,"Harm + Sag + OT",kappa,0.9205,0.9217,0.9235,0.8718,0.6699,0.2896
25,"Harm + Swell + OT",kappa,0.9603,0.9860,0.9829,0.9588,0.5684,0.0949
26,"Harm + Sag + Flicker + OT",kappa,0.9068,0.9092,0.9086,0.8645,0.5869,0.1475
27,"Harm + Swell + Flicker + OT",kappa,0.9371,0.9685,0.9615,0.8724,0.5264,0.2156
28,"Sag + Harm + Flicker + OT",kappa,0.6672,0.6699,0.6837,0.5752,0.3193,0.1612
29,"Swell + Harm + Flicker + OT",kappa,0.7467,0.7351,0.6818,0.4921,0.2527,0.0584
